


INSERT INTO ILA_COMPANY (ID, CREATED_DATE, LAST_MODIFIED_DATE, NAME) VALUES ('1', '2012-12-15 00:00:00.0', '2012-12-15 00:00:00.0', '上海新致');

INSERT INTO ILA_DEPARTMENT (ID, CREATED_DATE, LAST_MODIFIED_DATE, NAME) VALUES ('2', '2012-12-15 00:00:00.0', '2012-12-15 00:00:00.0', '欧美及国内行业');
INSERT INTO ILA_DEPARTMENT (ID, CREATED_DATE, LAST_MODIFIED_DATE, NAME) VALUES ('4', '2012-12-15 00:00:00.0', '2012-12-15 00:00:00.0', '电信互联网事业部');
INSERT INTO ILA_DEPARTMENT (ID, CREATED_DATE, LAST_MODIFIED_DATE, NAME) VALUES ('5', '2012-12-15 00:00:00.0', '2012-12-15 00:00:00.0', '国内事业部');
INSERT INTO ILA_DEPARTMENT (ID, CREATED_DATE, LAST_MODIFIED_DATE, NAME) VALUES ('6', '2012-12-15 00:00:00.0', '2012-12-15 00:00:00.0', '欧美事业部');
INSERT INTO ILA_DEPARTMENT (ID, CREATED_DATE, LAST_MODIFIED_DATE, NAME) VALUES ('7', '2012-12-15 00:00:00.0', '2012-12-15 00:00:00.0', '金融保险行业');

INSERT INTO ILA_STAFF (ID, CREATED_DATE, LAST_MODIFIED_DATE, NAME) VALUES ('21', '2012-12-15 00:00:00.0', '2012-12-15 00:00:00.0', '时宝旭');
INSERT INTO ILA_STAFF (ID, CREATED_DATE, LAST_MODIFIED_DATE, NAME) VALUES ('22', '2012-12-15 00:00:00.0', '2012-12-15 00:00:00.0', '王浩');
INSERT INTO ILA_STAFF (ID, CREATED_DATE, LAST_MODIFIED_DATE, NAME) VALUES ('23', '2012-12-15 00:00:00.0', '2012-12-15 00:00:00.0', '丁耸立');
INSERT INTO ILA_STAFF (ID, CREATED_DATE, LAST_MODIFIED_DATE, NAME) VALUES ('24', '2012-12-15 00:00:00.0', '2012-12-15 00:00:00.0', '商建华');
INSERT INTO ILA_STAFF (ID, CREATED_DATE, LAST_MODIFIED_DATE, NAME) VALUES ('25', '2012-12-15 00:00:00.0', '2012-12-15 00:00:00.0', '王树坤');
INSERT INTO ILA_STAFF (ID, CREATED_DATE, LAST_MODIFIED_DATE, NAME) VALUES ('26', '2012-12-15 00:00:00.0', '2012-12-15 00:00:00.0', '王华生');
INSERT INTO ILA_STAFF (ID, CREATED_DATE, LAST_MODIFIED_DATE, NAME) VALUES ('27', '2012-12-15 00:00:00.0', '2012-12-15 00:00:00.0', '隋卫东');
INSERT INTO ILA_STAFF (ID, CREATED_DATE, LAST_MODIFIED_DATE, NAME) VALUES ('28', '2012-12-15 00:00:00.0', '2012-12-15 00:00:00.0', '杜聪');
INSERT INTO ILA_STAFF (ID, CREATED_DATE, LAST_MODIFIED_DATE, NAME) VALUES ('29', '2012-12-15 00:00:00.0', '2012-12-15 00:00:00.0', '徐路');
INSERT INTO ILA_STAFF (ID, CREATED_DATE, LAST_MODIFIED_DATE, NAME) VALUES ('30', '2012-12-15 00:00:00.0', '2012-12-15 00:00:00.0', '黄苑斌');

INSERT INTO ILA_DEPARTMENT (ID, CREATED_DATE, LAST_MODIFIED_DATE, NAME) VALUES ('8', '2012-12-15 00:00:00.0', '2012-12-15 00:00:00.0', '市场部');
INSERT INTO ILA_DEPARTMENT (ID, CREATED_DATE, LAST_MODIFIED_DATE, NAME) VALUES ('9', '2012-12-15 00:00:00.0', '2012-12-15 00:00:00.0', '开发部');
INSERT INTO ILA_DEPARTMENT (ID, CREATED_DATE, LAST_MODIFIED_DATE, NAME) VALUES ('10', '2012-12-15 00:00:00.0', '2012-12-15 00:00:00.0', '中西部交付中心');
INSERT INTO ILA_DEPARTMENT (ID, CREATED_DATE, LAST_MODIFIED_DATE, NAME) VALUES ('11', '2012-12-15 00:00:00.0', '2012-12-15 00:00:00.0', '电信行业');
INSERT INTO ILA_DEPARTMENT (ID, CREATED_DATE, LAST_MODIFIED_DATE, NAME) VALUES ('12', '2012-12-15 00:00:00.0', '2012-12-15 00:00:00.0', '互联网行业');

INSERT INTO ILA_ORG_ACCOUNTABILITY_TYPE (ID, CREATED_DATE, LAST_MODIFIED_DATE, NAME) VALUES ('ADMIN', '2012-12-15 00:00:00.0', '2012-12-15 00:00:00.0', '行政结构');
INSERT INTO ILA_ORG_ACCOUNTABILITY_TYPE (ID, CREATED_DATE, LAST_MODIFIED_DATE, NAME) VALUES ('SALE', '2012-12-15 00:00:00.0', '2012-12-15 00:00:00.0', '销售结构');

--新致公司
insert into ILA_ORG_ACCOUNTABILITY (ID, CREATED_DATE, LAST_MODIFIED_DATE, PARENT_ID, CHILD_ID, ACCOUNTABILITY_TYPE_ID) VALUES ('1', '2012-12-15 00:00:00.0', '2012-12-15 00:00:00.0', '1', '1', 'SALE');
--新致公司-->欧美及国内行业
--新致公司-->金融保险行业
insert into ILA_ORG_ACCOUNTABILITY (ID, CREATED_DATE, LAST_MODIFIED_DATE, PARENT_ID, CHILD_ID, ACCOUNTABILITY_TYPE_ID) VALUES ('2', '2012-12-15 00:00:00.0', '2012-12-15 00:00:00.0', '1', '2', 'SALE');
insert into ILA_ORG_ACCOUNTABILITY (ID, CREATED_DATE, LAST_MODIFIED_DATE, PARENT_ID, CHILD_ID, ACCOUNTABILITY_TYPE_ID) VALUES ('3', '2012-12-15 00:00:00.0', '2012-12-15 00:00:00.0', '1', '7', 'SALE');
--新致公司-->欧美及国内行业->国内事业部
--新致公司-->欧美及国内行业->电信及互联网事业部
--新致公司-->欧美及国内行业->欧美事业部
--新致公司-->欧美及国内行业->隋卫东
insert into ILA_ORG_ACCOUNTABILITY (ID, CREATED_DATE, LAST_MODIFIED_DATE, PARENT_ID, CHILD_ID, ACCOUNTABILITY_TYPE_ID) VALUES ('4', '2012-12-15 00:00:00.0', '2012-12-15 00:00:00.0', '2', '4', 'SALE');
insert into ILA_ORG_ACCOUNTABILITY (ID, CREATED_DATE, LAST_MODIFIED_DATE, PARENT_ID, CHILD_ID, ACCOUNTABILITY_TYPE_ID) VALUES ('5', '2012-12-15 00:00:00.0', '2012-12-15 00:00:00.0', '2', '5', 'SALE');
insert into ILA_ORG_ACCOUNTABILITY (ID, CREATED_DATE, LAST_MODIFIED_DATE, PARENT_ID, CHILD_ID, ACCOUNTABILITY_TYPE_ID) VALUES ('6', '2012-12-15 00:00:00.0', '2012-12-15 00:00:00.0', '2', '6', 'SALE');
insert into ILA_ORG_ACCOUNTABILITY (ID, CREATED_DATE, LAST_MODIFIED_DATE, PARENT_ID, CHILD_ID, ACCOUNTABILITY_TYPE_ID) VALUES ('7', '2012-12-15 00:00:00.0', '2012-12-15 00:00:00.0', '2', '27', 'SALE');

--新致公司-->欧美及国内行业->电信及互联网事业部->市场部
--新致公司-->欧美及国内行业->电信及互联网事业部->开发部
--新致公司-->欧美及国内行业->电信及互联网事业部->中西部交付中心
--新致公司-->欧美及国内行业->电信及互联网事业部->时宝旭
insert into ILA_ORG_ACCOUNTABILITY (ID, CREATED_DATE, LAST_MODIFIED_DATE, PARENT_ID, CHILD_ID, ACCOUNTABILITY_TYPE_ID) VALUES ('8', '2012-12-15 00:00:00.0', '2012-12-15 00:00:00.0', '4', '8', 'SALE');
insert into ILA_ORG_ACCOUNTABILITY (ID, CREATED_DATE, LAST_MODIFIED_DATE, PARENT_ID, CHILD_ID, ACCOUNTABILITY_TYPE_ID) VALUES ('9', '2012-12-15 00:00:00.0', '2012-12-15 00:00:00.0', '4', '9', 'SALE');
insert into ILA_ORG_ACCOUNTABILITY (ID, CREATED_DATE, LAST_MODIFIED_DATE, PARENT_ID, CHILD_ID, ACCOUNTABILITY_TYPE_ID) VALUES ('10', '2012-12-15 00:00:00.0', '2012-12-15 00:00:00.0', '4', '10', 'SALE');
insert into ILA_ORG_ACCOUNTABILITY (ID, CREATED_DATE, LAST_MODIFIED_DATE, PARENT_ID, CHILD_ID, ACCOUNTABILITY_TYPE_ID) VALUES ('11', '2012-12-15 00:00:00.0', '2012-12-15 00:00:00.0', '4', '21', 'SALE');
insert into ILA_ORG_ACCOUNTABILITY (ID, CREATED_DATE, LAST_MODIFIED_DATE, PARENT_ID, CHILD_ID, ACCOUNTABILITY_TYPE_ID) VALUES ('110', '2012-12-15 00:00:00.0', '2012-12-15 00:00:00.0', '4', '29', 'SALE');
--新致公司-->欧美及国内行业->电信及互联网事业部->市场部->电信行业
--新致公司-->欧美及国内行业->电信及互联网事业部->市场部->互联网行业
--新致公司-->欧美及国内行业->电信及互联网事业部->市场部->王浩
--新致公司-->欧美及国内行业->电信及互联网事业部->市场部->王华生
insert into ILA_ORG_ACCOUNTABILITY (ID, CREATED_DATE, LAST_MODIFIED_DATE, PARENT_ID, CHILD_ID, ACCOUNTABILITY_TYPE_ID) VALUES ('12', '2012-12-15 00:00:00.0', '2012-12-15 00:00:00.0', '8', '11', 'SALE');
insert into ILA_ORG_ACCOUNTABILITY (ID, CREATED_DATE, LAST_MODIFIED_DATE, PARENT_ID, CHILD_ID, ACCOUNTABILITY_TYPE_ID) VALUES ('13', '2012-12-15 00:00:00.0', '2012-12-15 00:00:00.0', '8', '12', 'SALE');
insert into ILA_ORG_ACCOUNTABILITY (ID, CREATED_DATE, LAST_MODIFIED_DATE, PARENT_ID, CHILD_ID, ACCOUNTABILITY_TYPE_ID) VALUES ('14', '2012-12-15 00:00:00.0', '2012-12-15 00:00:00.0', '8', '22', 'SALE');
insert into ILA_ORG_ACCOUNTABILITY (ID, CREATED_DATE, LAST_MODIFIED_DATE, PARENT_ID, CHILD_ID, ACCOUNTABILITY_TYPE_ID) VALUES ('15', '2012-12-15 00:00:00.0', '2012-12-15 00:00:00.0', '8', '26', 'SALE');
--新致公司-->欧美及国内行业->电信及互联网事业部->市场部->互联网行业->丁耸立
insert into ILA_ORG_ACCOUNTABILITY (ID, CREATED_DATE, LAST_MODIFIED_DATE, PARENT_ID, CHILD_ID, ACCOUNTABILITY_TYPE_ID) VALUES ('16', '2012-12-15 00:00:00.0', '2012-12-15 00:00:00.0', '12', '23', 'SALE');
--新致公司-->欧美及国内行业->电信及互联网事业部->市场部->互联网行业->丁耸立->王树坤
insert into ILA_ORG_ACCOUNTABILITY (ID, CREATED_DATE, LAST_MODIFIED_DATE, PARENT_ID, CHILD_ID, ACCOUNTABILITY_TYPE_ID) VALUES ('17', '2012-12-15 00:00:00.0', '2012-12-15 00:00:00.0', '23', '25', 'SALE');
--新致公司-->欧美及国内行业->电信及互联网事业部->市场部->电信行业->商建华
insert into ILA_ORG_ACCOUNTABILITY (ID, CREATED_DATE, LAST_MODIFIED_DATE, PARENT_ID, CHILD_ID, ACCOUNTABILITY_TYPE_ID) VALUES ('18', '2012-12-15 00:00:00.0', '2012-12-15 00:00:00.0', '11', '24', 'SALE');
--新致公司-->欧美及国内行业->电信及互联网事业部->中西部交付中心->杜聪
insert into ILA_ORG_ACCOUNTABILITY (ID, CREATED_DATE, LAST_MODIFIED_DATE, PARENT_ID, CHILD_ID, ACCOUNTABILITY_TYPE_ID) VALUES ('19', '2012-12-15 00:00:00.0', '2012-12-15 00:00:00.0', '10', '28', 'SALE');
--新致公司-->欧美及国内行业->欧美事业部->黄苑斌
insert into ILA_ORG_ACCOUNTABILITY (ID, CREATED_DATE, LAST_MODIFIED_DATE, PARENT_ID, CHILD_ID, ACCOUNTABILITY_TYPE_ID) VALUES ('119', '2012-12-15 00:00:00.0', '2012-12-15 00:00:00.0', '6', '30', 'SALE');

--source
insert into ILA_SOURCE(ID, CREATED_DATE, LAST_MODIFIED_DATE, NAME) values ('1', '2012-12-15 00:00:00.0', '2012-12-15 00:00:00.0', '客户介绍');
insert into ILA_SOURCE(ID, CREATED_DATE, LAST_MODIFIED_DATE, NAME) values ('2', '2012-12-15 00:00:00.0', '2012-12-15 00:00:00.0', '公司市场部介绍');
--scale
insert into ILA_SCALE(ID, CREATED_DATE, LAST_MODIFIED_DATE, NAME) values ('1', '2012-12-15 00:00:00.0', '2012-12-15 00:00:00.0', '大型');
insert into ILA_SCALE(ID, CREATED_DATE, LAST_MODIFIED_DATE, NAME) values ('2', '2012-12-15 00:00:00.0', '2012-12-15 00:00:00.0', '中型');
insert into ILA_SCALE(ID, CREATED_DATE, LAST_MODIFIED_DATE, NAME) values ('3', '2012-12-15 00:00:00.0', '2012-12-15 00:00:00.0', '小型');
--ownership
insert into ILA_OWNERSHIP(ID, CREATED_DATE, LAST_MODIFIED_DATE, NAME) values ('1', '2012-12-15 00:00:00.0', '2012-12-15 00:00:00.0', '私营');
insert into ILA_OWNERSHIP(ID, CREATED_DATE, LAST_MODIFIED_DATE, NAME) values ('2', '2012-12-15 00:00:00.0', '2012-12-15 00:00:00.0', '外企');
insert into ILA_OWNERSHIP(ID, CREATED_DATE, LAST_MODIFIED_DATE, NAME) values ('3', '2012-12-15 00:00:00.0', '2012-12-15 00:00:00.0', '国企');
--actionType
insert into ILA_ACTION_TYPE(ID, CREATED_DATE, LAST_MODIFIED_DATE, NAME) values ('telephone', '2012-12-15 00:00:00.0', '2012-12-15 00:00:00.0', '电话沟通');
insert into ILA_ACTION_TYPE(ID, CREATED_DATE, LAST_MODIFIED_DATE, NAME) values ('visit', '2012-12-15 00:00:00.0', '2012-12-15 00:00:00.0', '上门拜访');
insert into ILA_ACTION_TYPE(ID, CREATED_DATE, LAST_MODIFIED_DATE, NAME) values ('meeting', '2012-12-15 00:00:00.0', '2012-12-15 00:00:00.0', '会议');
insert into ILA_ACTION_TYPE(ID, CREATED_DATE, LAST_MODIFIED_DATE, NAME) values ('mail', '2012-12-15 00:00:00.0', '2012-12-15 00:00:00.0', '邮件');
insert into ILA_ACTION_TYPE(ID, CREATED_DATE, LAST_MODIFIED_DATE, NAME) values ('message', '2012-12-15 00:00:00.0', '2012-12-15 00:00:00.0', '聊天工具');
insert into ILA_ACTION_TYPE(ID, CREATED_DATE, LAST_MODIFIED_DATE, NAME) values ('other', '2012-12-15 00:00:00.0', '2012-12-15 00:00:00.0', '其它');
insert into ILA_ACTION_TYPE(ID, CREATED_DATE, LAST_MODIFIED_DATE, NAME) values ('system', '2012-12-15 00:00:00.0', '2012-12-15 00:00:00.0', '系统生成');



--close reason
insert into ILA_CLOSED_REASON(ID, CREATED_DATE, LAST_MODIFIED_DATE, NAME) values ('1', '2012-12-15 00:00:00.0', '2012-12-15 00:00:00.0', '客户取消');
insert into ILA_CLOSED_REASON(ID, CREATED_DATE, LAST_MODIFIED_DATE, NAME) values ('2', '2012-12-15 00:00:00.0', '2012-12-15 00:00:00.0', '转成销售机会');
insert into ILA_CLOSED_REASON(ID, CREATED_DATE, LAST_MODIFIED_DATE, NAME) values ('3', '2012-12-15 00:00:00.0', '2012-12-15 00:00:00.0', '其它厂商成交');
insert into ILA_CLOSED_REASON(ID, CREATED_DATE, LAST_MODIFIED_DATE, NAME) values ('4', '2012-12-15 00:00:00.0', '2012-12-15 00:00:00.0', '成交');
--close industry
insert into ILA_INDUSTRY(ID, CREATED_DATE, LAST_MODIFIED_DATE, NAME) values ('1', '2012-12-15 00:00:00.0', '2012-12-15 00:00:00.0', '电信行业');
insert into ILA_INDUSTRY(ID, CREATED_DATE, LAST_MODIFIED_DATE, NAME) values ('2', '2012-12-15 00:00:00.0', '2012-12-15 00:00:00.0', '互联网行业');
insert into ILA_INDUSTRY(ID, CREATED_DATE, LAST_MODIFIED_DATE, NAME) values ('3', '2012-12-15 00:00:00.0', '2012-12-15 00:00:00.0', '零售行业');

--customer
INSERT INTO ILA_CUSTOMER
	(ID, CREATED_DATE, LAST_MODIFIED_DATE, DES, NAME, develop, INDUSTRY_ID, OWNERSHIP_ID, SCALE_ID)
VALUES
	('1', '2012-12-15 00:00:00.0', '2012-12-15 00:00:00.0', '中国电信上海分公司', '中国电信上海分公司', true,'1', '1', '1');
INSERT INTO ILA_CUSTOMER
	(ID, CREATED_DATE, LAST_MODIFIED_DATE, DES, NAME,develop, INDUSTRY_ID, OWNERSHIP_ID, SCALE_ID)
VALUES
	('2', '2012-12-15 00:00:00.0', '2012-12-15 00:00:00.0', '中国电信四川分公司', '中国电信四川分公司', false, '1', '1', '1');

-- --contact
-- INSERT INTO ILA_CONTACT
-- 	(ID, CREATED_DATE, LAST_MODIFIED_DATE, DES, MAIL, NAME, TEL, TITLE, CUSTOMER_ID)
-- VALUES
-- 	('1','2012-12-15 00:00:00.0', '2012-12-15 00:00:00.0', '', 'zhangdabiao@sina.cn', '张达标', '021-51102200', '处长', '1');
-- INSERT INTO ILA_CONTACT
-- 	(ID, CREATED_DATE, LAST_MODIFIED_DATE, DES, MAIL, NAME, TEL, TITLE, CUSTOMER_ID)
-- VALUES
-- 	('2','2012-12-15 00:00:00.0', '2012-12-15 00:00:00.0', '', 'lixiaobing@sina.cn', '李小兵', '021-51102200', '职员', '1');

--DOMAIN
INSERT INTO ila_domain
(ID, CREATED_DATE, LAST_MODIFIED_DATE, NAME, DETAIL)
  VALUES
  ('1','2012-12-15 00:00:00.0', '2012-12-15 00:00:00.0', 'market_action','市场活动');
-- INSERT INTO ila_domain
-- (ID, CREATED_DATE, LAST_MODIFIED_DATE, NAME, DETAIL)
--   VALUES
--   ('2','2012-12-15 00:00:00.0', '2012-12-15 00:00:00.0', 'action','销售活动');
INSERT INTO ila_domain
(ID, CREATED_DATE, LAST_MODIFIED_DATE, NAME, DETAIL)
  VALUES
  ('3','2012-12-15 00:00:00.0', '2012-12-15 00:00:00.0', 'leads','销售线索');
INSERT INTO ila_domain
(ID, CREATED_DATE, LAST_MODIFIED_DATE, NAME, DETAIL)
  VALUES
  ('4','2012-12-15 00:00:00.0', '2012-12-15 00:00:00.0', 'opportunity','销售机会');

--operation(leads)
INSERT INTO ila_operation (ID, CREATED_DATE, LAST_MODIFIED_DATE, NAME, brief,domain_id) VALUES ('21','2012-12-15 00:00:00.0', '2012-12-15 00:00:00.0', 'create','创建','3');
INSERT INTO ila_operation (ID, CREATED_DATE, LAST_MODIFIED_DATE, NAME, brief,domain_id) VALUES ('22','2012-12-15 00:00:00.0', '2012-12-15 00:00:00.0', 'edit','修改','3');
INSERT INTO ila_operation (ID, CREATED_DATE, LAST_MODIFIED_DATE, NAME, brief,domain_id) VALUES ('23','2012-12-15 00:00:00.0', '2012-12-15 00:00:00.0', 'remove','删除','3');
INSERT INTO ila_operation (ID, CREATED_DATE, LAST_MODIFIED_DATE, NAME, brief,domain_id) VALUES ('24','2012-12-15 00:00:00.0', '2012-12-15 00:00:00.0', 'view','查看','3');
INSERT INTO ila_operation (ID, CREATED_DATE, LAST_MODIFIED_DATE, NAME, brief,domain_id) VALUES ('25','2012-12-15 00:00:00.0', '2012-12-15 00:00:00.0', 'list','列表','3');
INSERT INTO ila_operation (ID, CREATED_DATE, LAST_MODIFIED_DATE, NAME, brief,domain_id) VALUES ('26','2012-12-15 00:00:00.0', '2012-12-15 00:00:00.0', 'convertToOpportunity','转成销售机会','3');
INSERT INTO ila_operation (ID, CREATED_DATE, LAST_MODIFIED_DATE, NAME, brief,domain_id) VALUES ('27','2012-12-15 00:00:00.0', '2012-12-15 00:00:00.0', 'close','关闭','3');
--operation(opportunity)
INSERT INTO ila_operation (ID, CREATED_DATE, LAST_MODIFIED_DATE, NAME, brief,domain_id) VALUES ('34','2012-12-15 00:00:00.0', '2012-12-15 00:00:00.0', 'view','查看','4');
INSERT INTO ila_operation (ID, CREATED_DATE, LAST_MODIFIED_DATE, NAME, brief,domain_id) VALUES ('35','2012-12-15 00:00:00.0', '2012-12-15 00:00:00.0', 'list','列表','4');
INSERT INTO ila_operation (ID, CREATED_DATE, LAST_MODIFIED_DATE, NAME, brief,domain_id) VALUES ('36','2012-12-15 00:00:00.0', '2012-12-15 00:00:00.0', 'close','关闭','4');

--operation(market_action)
INSERT INTO ila_operation (ID, CREATED_DATE, LAST_MODIFIED_DATE, NAME, brief,domain_id) VALUES ('1','2012-12-15 00:00:00.0', '2012-12-15 00:00:00.0', 'create','创建','1');
INSERT INTO ila_operation (ID, CREATED_DATE, LAST_MODIFIED_DATE, NAME, brief,domain_id) VALUES ('2','2012-12-14 00:00:00.0', '2012-12-15 00:00:00.0', 'edit','修改','1');
INSERT INTO ila_operation (ID, CREATED_DATE, LAST_MODIFIED_DATE, NAME, brief,domain_id) VALUES ('3','2012-12-15 00:00:00.0', '2012-12-15 00:00:00.0', 'remove','删除','1');
INSERT INTO ila_operation (ID, CREATED_DATE, LAST_MODIFIED_DATE, NAME, brief,domain_id) VALUES ('4','2012-12-13 00:00:00.0', '2012-12-15 00:00:00.0', 'view','查看','1');
INSERT INTO ila_operation (ID, CREATED_DATE, LAST_MODIFIED_DATE, NAME, brief,domain_id) VALUES ('5','2012-12-15 00:00:00.0', '2012-12-15 00:00:00.0', 'list','列表','1');

--permission(market_action)
--list
INSERT INTO ila_permission (ID, CREATED_DATE, LAST_MODIFIED_DATE, scope, operation_id) VALUES ('1','2012-12-15 00:00:00.0', '2012-12-15 00:00:00.0', 'SELF','5');
INSERT INTO ila_permission (ID, CREATED_DATE, LAST_MODIFIED_DATE, scope, operation_id) VALUES ('2','2012-12-15 00:00:00.0', '2012-12-15 00:00:00.0', 'SELFANDLOW','5');
INSERT INTO ila_permission (ID, CREATED_DATE, LAST_MODIFIED_DATE, scope, operation_id) VALUES ('3','2012-12-15 00:00:00.0', '2012-12-15 00:00:00.0', 'BELONG','5');
INSERT INTO ila_permission (ID, CREATED_DATE, LAST_MODIFIED_DATE, scope, operation_id) VALUES ('4', '2012-12-15 00:00:00.0', '2012-12-15 00:00:00.0', 'BELONGANDLOW','5');
INSERT INTO ila_permission (ID, CREATED_DATE, LAST_MODIFIED_DATE, scope, operation_id) VALUES ('5','2012-12-15 00:00:00.0', '2012-12-15 00:00:00.0', 'WHOLE','5');
--create
INSERT INTO ila_permission (ID, CREATED_DATE, LAST_MODIFIED_DATE, scope, operation_id) VALUES ('6','2012-12-15 00:00:00.0', '2012-12-15 00:00:00.0', 'SELF','1');
--view
INSERT INTO ila_permission (ID, CREATED_DATE, LAST_MODIFIED_DATE, scope, operation_id) VALUES ('7','2012-12-15 00:00:00.0', '2012-12-15 00:00:00.0', 'SELF','4');
INSERT INTO ila_permission (ID, CREATED_DATE, LAST_MODIFIED_DATE, scope, operation_id) VALUES ('8','2012-12-15 00:00:00.0', '2012-12-15 00:00:00.0', 'SELFANDLOW','4');
INSERT INTO ila_permission (ID, CREATED_DATE, LAST_MODIFIED_DATE, scope, operation_id) VALUES ('9','2012-12-15 00:00:00.0', '2012-12-15 00:00:00.0', 'BELONG','4');
INSERT INTO ila_permission (ID, CREATED_DATE, LAST_MODIFIED_DATE, scope, operation_id) VALUES ('10','2012-12-15 00:00:00.0', '2012-12-15 00:00:00.0', 'BELONGANDLOW','4');
INSERT INTO ila_permission (ID, CREATED_DATE, LAST_MODIFIED_DATE, scope, operation_id) VALUES ('11','2012-12-15 00:00:00.0', '2012-12-15 00:00:00.0', 'WHOLE','4');
--edit
INSERT INTO ila_permission (ID, CREATED_DATE, LAST_MODIFIED_DATE, scope, operation_id) VALUES ('12','2012-12-15 00:00:00.0', '2012-12-15 00:00:00.0', 'SELF','2');

--permission(leads)
--list
INSERT INTO ila_permission (ID, CREATED_DATE, LAST_MODIFIED_DATE, scope, operation_id) VALUES ('201','2012-12-15 00:00:00.0', '2012-12-15 00:00:00.0', 'SELF','25');
INSERT INTO ila_permission (ID, CREATED_DATE, LAST_MODIFIED_DATE, scope, operation_id) VALUES ('202','2012-12-15 00:00:00.0', '2012-12-15 00:00:00.0', 'SELFANDLOW','25');
INSERT INTO ila_permission (ID, CREATED_DATE, LAST_MODIFIED_DATE, scope, operation_id) VALUES ('203','2012-12-15 00:00:00.0', '2012-12-15 00:00:00.0', 'BELONG','25');
INSERT INTO ila_permission (ID, CREATED_DATE, LAST_MODIFIED_DATE, scope, operation_id) VALUES ('204', '2012-12-15 00:00:00.0', '2012-12-15 00:00:00.0', 'BELONGANDLOW','25');
INSERT INTO ila_permission (ID, CREATED_DATE, LAST_MODIFIED_DATE, scope, operation_id) VALUES ('205','2012-12-15 00:00:00.0', '2012-12-15 00:00:00.0', 'WHOLE','25');
--create
INSERT INTO ila_permission (ID, CREATED_DATE, LAST_MODIFIED_DATE, scope, operation_id) VALUES ('206','2012-12-15 00:00:00.0', '2012-12-15 00:00:00.0', 'SELF','21');
--view
INSERT INTO ila_permission (ID, CREATED_DATE, LAST_MODIFIED_DATE, scope, operation_id) VALUES ('207','2012-12-15 00:00:00.0', '2012-12-15 00:00:00.0', 'SELF','24');
INSERT INTO ila_permission (ID, CREATED_DATE, LAST_MODIFIED_DATE, scope, operation_id) VALUES ('208','2012-12-15 00:00:00.0', '2012-12-15 00:00:00.0', 'SELFANDLOW','24');
INSERT INTO ila_permission (ID, CREATED_DATE, LAST_MODIFIED_DATE, scope, operation_id) VALUES ('209','2012-12-15 00:00:00.0', '2012-12-15 00:00:00.0', 'BELONG','24');
INSERT INTO ila_permission (ID, CREATED_DATE, LAST_MODIFIED_DATE, scope, operation_id) VALUES ('210','2012-12-15 00:00:00.0', '2012-12-15 00:00:00.0', 'BELONGANDLOW','24');
INSERT INTO ila_permission (ID, CREATED_DATE, LAST_MODIFIED_DATE, scope, operation_id) VALUES ('211','2012-12-15 00:00:00.0', '2012-12-15 00:00:00.0', 'WHOLE','24');
--edit
INSERT INTO ila_permission (ID, CREATED_DATE, LAST_MODIFIED_DATE, scope, operation_id) VALUES ('212','2012-12-15 00:00:00.0', '2012-12-15 00:00:00.0', 'SELF','22');
--convertToOpportunity
INSERT INTO ila_permission (ID, CREATED_DATE, LAST_MODIFIED_DATE, scope, operation_id) VALUES ('213','2012-12-15 00:00:00.0', '2012-12-15 00:00:00.0', 'WHOLE','26');
--close
INSERT INTO ila_permission (ID, CREATED_DATE, LAST_MODIFIED_DATE, scope, operation_id) VALUES ('214','2012-12-15 00:00:00.0', '2012-12-15 00:00:00.0', 'WHOLE','27');

--permission(opportunity)
--list
INSERT INTO ila_permission (ID, CREATED_DATE, LAST_MODIFIED_DATE, scope, operation_id) VALUES ('301','2012-12-15 00:00:00.0', '2012-12-15 00:00:00.0', 'SELF','35');
INSERT INTO ila_permission (ID, CREATED_DATE, LAST_MODIFIED_DATE, scope, operation_id) VALUES ('302','2012-12-15 00:00:00.0', '2012-12-15 00:00:00.0', 'SELFANDLOW','35');
INSERT INTO ila_permission (ID, CREATED_DATE, LAST_MODIFIED_DATE, scope, operation_id) VALUES ('303','2012-12-15 00:00:00.0', '2012-12-15 00:00:00.0', 'BELONG','35');
INSERT INTO ila_permission (ID, CREATED_DATE, LAST_MODIFIED_DATE, scope, operation_id) VALUES ('304', '2012-12-15 00:00:00.0', '2012-12-15 00:00:00.0', 'BELONGANDLOW','35');
INSERT INTO ila_permission (ID, CREATED_DATE, LAST_MODIFIED_DATE, scope, operation_id) VALUES ('305','2012-12-15 00:00:00.0', '2012-12-15 00:00:00.0', 'WHOLE','35');
--view
INSERT INTO ila_permission (ID, CREATED_DATE, LAST_MODIFIED_DATE, scope, operation_id) VALUES ('307','2012-12-15 00:00:00.0', '2012-12-15 00:00:00.0', 'SELF','34');
INSERT INTO ila_permission (ID, CREATED_DATE, LAST_MODIFIED_DATE, scope, operation_id) VALUES ('308','2012-12-15 00:00:00.0', '2012-12-15 00:00:00.0', 'SELFANDLOW','34');
INSERT INTO ila_permission (ID, CREATED_DATE, LAST_MODIFIED_DATE, scope, operation_id) VALUES ('309','2012-12-15 00:00:00.0', '2012-12-15 00:00:00.0', 'BELONG','34');
INSERT INTO ila_permission (ID, CREATED_DATE, LAST_MODIFIED_DATE, scope, operation_id) VALUES ('310','2012-12-15 00:00:00.0', '2012-12-15 00:00:00.0', 'BELONGANDLOW','34');
INSERT INTO ila_permission (ID, CREATED_DATE, LAST_MODIFIED_DATE, scope, operation_id) VALUES ('311','2012-12-15 00:00:00.0', '2012-12-15 00:00:00.0', 'WHOLE','34');
--close
INSERT INTO ila_permission (ID, CREATED_DATE, LAST_MODIFIED_DATE, scope, operation_id) VALUES ('312','2012-12-15 00:00:00.0', '2012-12-15 00:00:00.0', 'WHOLE','36');

INSERT INTO ILA_ROLE (ID, CREATED_DATE, LAST_MODIFIED_DATE, NAME, DESCRIPTION)
  VALUES ('administrator','2012-12-15 00:00:00.0', '2012-12-15 00:00:00.0', 'administrator', '系统管理员');

INSERT INTO ILA_ROLE (ID, CREATED_DATE, LAST_MODIFIED_DATE, NAME, DESCRIPTION)
  VALUES ('1','2012-12-15 00:00:00.0', '2012-12-15 00:00:00.0', 'sales', '客户经理');

INSERT INTO ILA_ROLE (ID, CREATED_DATE, LAST_MODIFIED_DATE, NAME, DESCRIPTION)
  VALUES ('2','2012-12-15 00:00:00.0', '2012-12-15 00:00:00.0', 'tradeManager', '行业总监');

INSERT INTO ILA_ROLE (ID, CREATED_DATE, LAST_MODIFIED_DATE, NAME, DESCRIPTION)
  VALUES ('3','2012-12-15 00:00:00.0', '2012-12-15 00:00:00.0', 'saleManager', '市场部经理');

INSERT INTO ILA_ROLE (ID, CREATED_DATE, LAST_MODIFIED_DATE, NAME, DESCRIPTION)
  VALUES ('4','2012-12-15 00:00:00.0', '2012-12-15 00:00:00.0', 'salessistant', '部门助理');

INSERT INTO ILA_ROLE (ID, CREATED_DATE, LAST_MODIFIED_DATE, NAME, DESCRIPTION)
  VALUES ('5','2012-12-15 00:00:00.0', '2012-12-15 00:00:00.0', 'divisionManager', '事业部总经理');

--客户经理（只能看自己的）
--市场活动
insert into ILA_ROLE_PERMISSION(ROLE_ID, PERMISSION_ID) VALUES ('1','1');
insert into ILA_ROLE_PERMISSION(ROLE_ID, PERMISSION_ID) VALUES ('1','7');
insert into ILA_ROLE_PERMISSION(ROLE_ID, PERMISSION_ID) VALUES ('1','12');
--销售线索
insert into ILA_ROLE_PERMISSION(ROLE_ID, PERMISSION_ID) VALUES ('1','201');
insert into ILA_ROLE_PERMISSION(ROLE_ID, PERMISSION_ID) VALUES ('1','206');
insert into ILA_ROLE_PERMISSION(ROLE_ID, PERMISSION_ID) VALUES ('1','207');
insert into ILA_ROLE_PERMISSION(ROLE_ID, PERMISSION_ID) VALUES ('1','212');
--销售机会
insert into ILA_ROLE_PERMISSION(ROLE_ID, PERMISSION_ID) VALUES ('1','301');
insert into ILA_ROLE_PERMISSION(ROLE_ID, PERMISSION_ID) VALUES ('1','307');

--行业总监（看本部门和下级单位的）
insert into ILA_ROLE_PERMISSION(ROLE_ID, PERMISSION_ID) VALUES ('2','4');
insert into ILA_ROLE_PERMISSION(ROLE_ID, PERMISSION_ID) VALUES ('2','6');
insert into ILA_ROLE_PERMISSION(ROLE_ID, PERMISSION_ID) VALUES ('2','10');
insert into ILA_ROLE_PERMISSION(ROLE_ID, PERMISSION_ID) VALUES ('2','204');
insert into ILA_ROLE_PERMISSION(ROLE_ID, PERMISSION_ID) VALUES ('2','206');
insert into ILA_ROLE_PERMISSION(ROLE_ID, PERMISSION_ID) VALUES ('2','210');
insert into ILA_ROLE_PERMISSION(ROLE_ID, PERMISSION_ID) VALUES ('2','212');

--市场部经理(看本部分及下属部门全部）
insert into ILA_ROLE_PERMISSION(ROLE_ID, PERMISSION_ID) VALUES ('3','4');
insert into ILA_ROLE_PERMISSION(ROLE_ID, PERMISSION_ID) VALUES ('3','6');
insert into ILA_ROLE_PERMISSION(ROLE_ID, PERMISSION_ID) VALUES ('3','10');
insert into ILA_ROLE_PERMISSION(ROLE_ID, PERMISSION_ID) VALUES ('3','204');
insert into ILA_ROLE_PERMISSION(ROLE_ID, PERMISSION_ID) VALUES ('3','206');
insert into ILA_ROLE_PERMISSION(ROLE_ID, PERMISSION_ID) VALUES ('3','210');
insert into ILA_ROLE_PERMISSION(ROLE_ID, PERMISSION_ID) VALUES ('3','212');
insert into ILA_ROLE_PERMISSION(ROLE_ID, PERMISSION_ID) VALUES ('3','304');
insert into ILA_ROLE_PERMISSION(ROLE_ID, PERMISSION_ID) VALUES ('3','310');

--事业部总经理（看事业部全部）
insert into ILA_ROLE_PERMISSION(ROLE_ID, PERMISSION_ID) VALUES ('5','4');
insert into ILA_ROLE_PERMISSION(ROLE_ID, PERMISSION_ID) VALUES ('5','6');
insert into ILA_ROLE_PERMISSION(ROLE_ID, PERMISSION_ID) VALUES ('5','10');
insert into ILA_ROLE_PERMISSION(ROLE_ID, PERMISSION_ID) VALUES ('5','204');
insert into ILA_ROLE_PERMISSION(ROLE_ID, PERMISSION_ID) VALUES ('5','206');
insert into ILA_ROLE_PERMISSION(ROLE_ID, PERMISSION_ID) VALUES ('5','210');
insert into ILA_ROLE_PERMISSION(ROLE_ID, PERMISSION_ID) VALUES ('5','212');
insert into ILA_ROLE_PERMISSION(ROLE_ID, PERMISSION_ID) VALUES ('5','213');
insert into ILA_ROLE_PERMISSION(ROLE_ID, PERMISSION_ID) VALUES ('5','304');
insert into ILA_ROLE_PERMISSION(ROLE_ID, PERMISSION_ID) VALUES ('5','310');


INSERT INTO ILA_USER (ID, CREATED_DATE, LAST_MODIFIED_DATE, job_number, STATUS, MAIL, NAME, PASSWORD, SALT, STAFF_ID)
  VALUES ('0','2012-12-15 00:00:00.0', '2012-12-15 00:00:00.0', 'admin', '正常', 'shibaoxu@mail.com', '系统管理员', '96efa9d9f68bed33881b9dc21586ae52d6e25400', 'bd73eb58fc11b3b8','21');
INSERT INTO ILA_USER (ID, CREATED_DATE, LAST_MODIFIED_DATE, job_number, STATUS, MAIL, NAME, PASSWORD, SALT, STAFF_ID)
  VALUES ('1','2012-12-15 00:00:00.0', '2012-12-15 00:00:00.0', '12039', '正常', 'shibaoxu@mail.com', '时宝旭', '96efa9d9f68bed33881b9dc21586ae52d6e25400', 'bd73eb58fc11b3b8','21');
INSERT INTO ILA_USER (ID, CREATED_DATE, LAST_MODIFIED_DATE, job_number, STATUS, MAIL, NAME, PASSWORD, SALT, STAFF_ID)
  VALUES ('2','2012-12-15 00:00:00.0', '2012-12-15 00:00:00.0', '12040', '正常', 'zhangsan@mail.com', '王浩', '96efa9d9f68bed33881b9dc21586ae52d6e25400', 'bd73eb58fc11b3b8','22');
INSERT INTO ILA_USER (ID, CREATED_DATE, LAST_MODIFIED_DATE, job_number, STATUS, MAIL, NAME, PASSWORD, SALT, STAFF_ID)
  VALUES ('3','2012-12-15 00:00:00.0', '2012-12-15 00:00:00.0', '12041', '正常', 'lisi@mail.com', '丁耸立', '96efa9d9f68bed33881b9dc21586ae52d6e25400', 'bd73eb58fc11b3b8','23');
INSERT INTO ILA_USER (ID, CREATED_DATE, LAST_MODIFIED_DATE, job_number, STATUS, MAIL, NAME, PASSWORD, SALT, STAFF_ID)
  VALUES ('4','2012-12-15 00:00:00.0', '2012-12-15 00:00:00.0', '12042', '正常', 'lisi@mail.com', '王树坤', '96efa9d9f68bed33881b9dc21586ae52d6e25400', 'bd73eb58fc11b3b8','25');
INSERT INTO ILA_USER (ID, CREATED_DATE, LAST_MODIFIED_DATE, job_number, STATUS, MAIL, NAME, PASSWORD, SALT, STAFF_ID)
  VALUES ('5','2012-12-15 00:00:00.0', '2012-12-15 00:00:00.0', '12043', '正常', 'lisi@mail.com', '徐路', '96efa9d9f68bed33881b9dc21586ae52d6e25400', 'bd73eb58fc11b3b8','29');
INSERT INTO ILA_USER (ID, CREATED_DATE, LAST_MODIFIED_DATE, job_number, STATUS, MAIL, NAME, PASSWORD, SALT, STAFF_ID)
  VALUES ('6','2012-12-15 00:00:00.0', '2012-12-15 00:00:00.0', '12044', '正常', 'lisi@mail.com', '杜聪', '96efa9d9f68bed33881b9dc21586ae52d6e25400', 'bd73eb58fc11b3b8','28');
INSERT INTO ILA_USER (ID, CREATED_DATE, LAST_MODIFIED_DATE, job_number, STATUS, MAIL, NAME, PASSWORD, SALT, STAFF_ID)
  VALUES ('7','2012-12-15 00:00:00.0', '2012-12-15 00:00:00.0', '12045', '正常', 'lisi@mail.com', '黄苑斌', '96efa9d9f68bed33881b9dc21586ae52d6e25400', 'bd73eb58fc11b3b8','30');


--系统管理员
INSERT INTO ILA_USER_ROLE (USER_ID, ROLE_ID) VALUES ('0','administrator');
--事业部总经理
INSERT INTO ILA_USER_ROLE (USER_ID, ROLE_ID) VALUES ('1','5');

--市场部经理
INSERT INTO ILA_USER_ROLE (USER_ID, ROLE_ID) VALUES ('2','3');

--行业总监
INSERT INTO ILA_USER_ROLE (USER_ID, ROLE_ID) VALUES ('3','2');

--客户经理
INSERT INTO ILA_USER_ROLE (USER_ID, ROLE_ID) VALUES ('4','1');

--部门助理
INSERT INTO ILA_USER_ROLE (USER_ID, ROLE_ID) VALUES ('5','4');



--
INSERT INTO ILA_LEADS (ID, CREATED_DATE, LAST_MODIFIED_DATE, CLOSE_REASON_DETAIL,OPPORTUNITY, DES, HIGH_AMOUNT, LOW_AMOUNT, DEAL_AMOUNT,NAME, STATUS, CLOSED_REASON_ID, CUSTOMER_ID, USER_ID, SOURCE_ID, DEPARTMENT_ID, last_info)
  VALUES ('1','2012-12-15 00:00:00.0' ,'2012-12-15 00:00:00.0', '',true ,  '时宝旭的销售线索 上海', 1000, 500,0, '时宝旭的销售线索 上海', 0, '1', '1', '1', '1', '4', '开会');
INSERT INTO ILA_LEADS (ID, CREATED_DATE, LAST_MODIFIED_DATE, CLOSE_REASON_DETAIL,OPPORTUNITY, DES, HIGH_AMOUNT, LOW_AMOUNT, DEAL_AMOUNT,NAME, STATUS, CLOSED_REASON_ID, CUSTOMER_ID, USER_ID, SOURCE_ID, DEPARTMENT_ID)
  VALUES ('2','2012-12-15 00:00:00.0' ,'2012-12-15 00:00:00.0', '',false,  '王浩的销售线索', 1000, 500,0, '王浩的销售线索', 0, '1', '1', '2', '1', '8');
INSERT INTO ILA_LEADS (ID, CREATED_DATE, LAST_MODIFIED_DATE, CLOSE_REASON_DETAIL,OPPORTUNITY, DES, HIGH_AMOUNT, LOW_AMOUNT, DEAL_AMOUNT,NAME, STATUS, CLOSED_REASON_ID, CUSTOMER_ID, USER_ID, SOURCE_ID, DEPARTMENT_ID)
  VALUES ('3','2012-12-15 00:00:00.0' ,'2012-12-15 00:00:00.0', '',false,  '丁耸立的销售线索', 1000, 500,0, '丁耸立的销售线索', 0, '1', '1', '3', '1', '12');
INSERT INTO ILA_LEADS (ID, CREATED_DATE, LAST_MODIFIED_DATE, CLOSE_REASON_DETAIL,OPPORTUNITY, DES, HIGH_AMOUNT, LOW_AMOUNT, DEAL_AMOUNT,NAME, STATUS, CLOSED_REASON_ID, CUSTOMER_ID, USER_ID, SOURCE_ID, DEPARTMENT_ID)
  VALUES ('4','2012-12-15 00:00:00.0' ,'2012-12-15 00:00:00.0', '',false,  '王树坤的销售线索', 1000, 500,0, '王树坤的销售线索', 0, '1', '1', '4', '1', '11');
INSERT INTO ILA_LEADS (ID, CREATED_DATE, LAST_MODIFIED_DATE, CLOSE_REASON_DETAIL,OPPORTUNITY, DES, HIGH_AMOUNT, LOW_AMOUNT, DEAL_AMOUNT,NAME, STATUS, CLOSED_REASON_ID, CUSTOMER_ID, USER_ID, SOURCE_ID, DEPARTMENT_ID)
  VALUES ('5','2012-12-15 00:00:00.0' ,'2012-12-15 00:00:00.0', '',false,  '杜聪的销售线索', 1000, 500,0, '杜聪的销售线索', 0, '1', '1', '6', '1', '10');
INSERT INTO ILA_LEADS (ID, CREATED_DATE, LAST_MODIFIED_DATE, CLOSE_REASON_DETAIL,OPPORTUNITY, DES, HIGH_AMOUNT, LOW_AMOUNT, DEAL_AMOUNT,NAME, STATUS, CLOSED_REASON_ID, CUSTOMER_ID, USER_ID, SOURCE_ID, DEPARTMENT_ID)
  VALUES ('6','2012-12-15 00:00:00.0' ,'2012-12-15 00:00:00.0', '',false,  '黄苑斌的销售线索', 1000, 500,0, '黄苑斌的销售线索', 0, '1', '1', '7', '1', '6');
INSERT INTO ILA_LEADS (ID, CREATED_DATE, LAST_MODIFIED_DATE, CLOSE_REASON_DETAIL,OPPORTUNITY, DES, HIGH_AMOUNT, LOW_AMOUNT, DEAL_AMOUNT,NAME, STATUS, CLOSED_REASON_ID, CUSTOMER_ID, USER_ID, SOURCE_ID, DEPARTMENT_ID, last_info)
  VALUES ('7','2012-12-15 00:00:00.0' ,'2012-12-15 00:00:00.0', '',false,  '时宝旭的销售线索()', 1000, 500,0, '时宝旭的销售线索()', 1, '1', '1', '1', '1', '4', '拜访客户');
INSERT INTO ILA_LEADS (ID, CREATED_DATE, LAST_MODIFIED_DATE, CLOSE_REASON_DETAIL,OPPORTUNITY, DES, HIGH_AMOUNT, LOW_AMOUNT, DEAL_AMOUNT,NAME, STATUS, CLOSED_REASON_ID, CUSTOMER_ID, USER_ID, SOURCE_ID, DEPARTMENT_ID)
  VALUES ('8','2012-12-15 00:00:00.0' ,'2012-12-15 00:00:00.0', '',false,  '时宝旭的销售线索', 1000, 500,0, '时宝旭的销售线索', 1, '1', '1', '1', '1', '4');
INSERT INTO ILA_LEADS (ID, CREATED_DATE, LAST_MODIFIED_DATE, CLOSE_REASON_DETAIL,OPPORTUNITY, DES, HIGH_AMOUNT, LOW_AMOUNT, DEAL_AMOUNT,NAME, STATUS, CLOSED_REASON_ID, CUSTOMER_ID, USER_ID, SOURCE_ID, DEPARTMENT_ID)
  VALUES ('9','2012-12-15 00:00:00.0' ,'2012-12-15 00:00:00.0', '',false,  '时宝旭的销售线索', 1000, 500,0, '时宝旭的销售线索', 1, '1', '1', '1', '1', '4');
INSERT INTO ILA_LEADS (ID, CREATED_DATE, LAST_MODIFIED_DATE, CLOSE_REASON_DETAIL,OPPORTUNITY, DES, HIGH_AMOUNT, LOW_AMOUNT, DEAL_AMOUNT,NAME, STATUS, CLOSED_REASON_ID, CUSTOMER_ID, USER_ID, SOURCE_ID, DEPARTMENT_ID)
  VALUES ('10','2012-12-15 00:00:00.0' ,'2012-12-15 00:00:00.0', '',false,  '时宝旭的销售线索', 1000, 500,0, '时宝旭的销售线索', 1, '1', '1', '1', '1', '4');
INSERT INTO ILA_LEADS (ID, CREATED_DATE, LAST_MODIFIED_DATE, CLOSE_REASON_DETAIL,OPPORTUNITY, DES, HIGH_AMOUNT, LOW_AMOUNT, DEAL_AMOUNT,NAME, STATUS, CLOSED_REASON_ID, CUSTOMER_ID, USER_ID, SOURCE_ID, DEPARTMENT_ID)
  VALUES ('11','2012-12-15 00:00:00.0' ,'2012-12-15 00:00:00.0', '',false,  '时宝旭的销售线索', 1000, 500,0, '时宝旭的销售线索', 1, '1', '1', '1', '1', '4');
INSERT INTO ILA_LEADS (ID, CREATED_DATE, LAST_MODIFIED_DATE, CLOSE_REASON_DETAIL,OPPORTUNITY, DES, HIGH_AMOUNT, LOW_AMOUNT, DEAL_AMOUNT,NAME, STATUS, CLOSED_REASON_ID, CUSTOMER_ID, USER_ID, SOURCE_ID, DEPARTMENT_ID)
  VALUES ('12','2012-12-15 00:00:00.0' ,'2012-12-15 00:00:00.0', '',false,  '时宝旭的销售线索', 1000, 500,0, '时宝旭的销售线索', 1, '1', '1', '1', '1', '4');
INSERT INTO ILA_LEADS (ID, CREATED_DATE, LAST_MODIFIED_DATE, CLOSE_REASON_DETAIL,OPPORTUNITY, DES, HIGH_AMOUNT, LOW_AMOUNT, DEAL_AMOUNT,NAME, STATUS, CLOSED_REASON_ID, CUSTOMER_ID, USER_ID, SOURCE_ID, DEPARTMENT_ID)
  VALUES ('13','2012-12-15 00:00:00.0' ,'2012-12-15 00:00:00.0', '',false,  '时宝旭的销售线索', 1000, 500,0, '时宝旭的销售线索', 1, '1', '1', '1', '1', '4');
INSERT INTO ILA_LEADS (ID, CREATED_DATE, LAST_MODIFIED_DATE, CLOSE_REASON_DETAIL,OPPORTUNITY, DES, HIGH_AMOUNT, LOW_AMOUNT, DEAL_AMOUNT,NAME, STATUS, CLOSED_REASON_ID, CUSTOMER_ID, USER_ID, SOURCE_ID, DEPARTMENT_ID)
  VALUES ('14','2012-12-15 00:00:00.0' ,'2012-12-15 00:00:00.0', '',false,  '时宝旭的销售线索', 1000, 500,0, '时宝旭的销售线索', 1, '1', '1', '1', '1', '4');
INSERT INTO ILA_LEADS (ID, CREATED_DATE, LAST_MODIFIED_DATE, CLOSE_REASON_DETAIL,OPPORTUNITY, DES, HIGH_AMOUNT, LOW_AMOUNT, DEAL_AMOUNT,NAME, STATUS, CLOSED_REASON_ID, CUSTOMER_ID, USER_ID, SOURCE_ID, DEPARTMENT_ID)
  VALUES ('15','2012-12-15 00:00:00.0' ,'2012-12-15 00:00:00.0', '',false,  '时宝旭的销售线索', 1000, 500,0, '时宝旭的销售线索', 1, '1', '1', '1', '1', '4');
INSERT INTO ILA_LEADS (ID, CREATED_DATE, LAST_MODIFIED_DATE, CLOSE_REASON_DETAIL,OPPORTUNITY, DES, HIGH_AMOUNT, LOW_AMOUNT, DEAL_AMOUNT,NAME, STATUS, CLOSED_REASON_ID, CUSTOMER_ID, USER_ID, SOURCE_ID, DEPARTMENT_ID)
  VALUES ('16','2012-12-15 00:00:00.0' ,'2012-12-15 00:00:00.0', '',false,  '时宝旭的销售线索', 1000, 500,0, '时宝旭的销售线索', 1, '1', '1', '1', '1', '4');
INSERT INTO ILA_LEADS (ID, CREATED_DATE, LAST_MODIFIED_DATE, CLOSE_REASON_DETAIL,OPPORTUNITY, DES, HIGH_AMOUNT, LOW_AMOUNT, DEAL_AMOUNT,NAME, STATUS, CLOSED_REASON_ID, CUSTOMER_ID, USER_ID, SOURCE_ID, DEPARTMENT_ID)
  VALUES ('17','2012-12-15 00:00:00.0' ,'2012-12-15 00:00:00.0', '',false,  '时宝旭的销售线索', 1000, 500,0, '时宝旭的销售线索', 1, '1', '1', '1', '1', '4');
INSERT INTO ILA_LEADS (ID, CREATED_DATE, LAST_MODIFIED_DATE, CLOSE_REASON_DETAIL,OPPORTUNITY, DES, HIGH_AMOUNT, LOW_AMOUNT, DEAL_AMOUNT,NAME, STATUS, CLOSED_REASON_ID, CUSTOMER_ID, USER_ID, SOURCE_ID, DEPARTMENT_ID)
  VALUES ('18','2012-12-15 00:00:00.0' ,'2012-12-15 00:00:00.0', '',false,  '时宝旭的销售线索', 1000, 500,0, '时宝旭的销售线索', 1, '1', '1', '1', '1', '4');
INSERT INTO ILA_LEADS (ID, CREATED_DATE, LAST_MODIFIED_DATE, CLOSE_REASON_DETAIL,OPPORTUNITY, DES, HIGH_AMOUNT, LOW_AMOUNT, DEAL_AMOUNT,NAME, STATUS, CLOSED_REASON_ID, CUSTOMER_ID, USER_ID, SOURCE_ID, DEPARTMENT_ID)
  VALUES ('19','2012-12-15 00:00:00.0' ,'2012-12-15 00:00:00.0', '',false,  '时宝旭的销售线索', 1000, 500,0, '时宝旭的销售线索', 1, '1', '1', '1', '1', '4');
INSERT INTO ILA_LEADS (ID, CREATED_DATE, LAST_MODIFIED_DATE, CLOSE_REASON_DETAIL,OPPORTUNITY, DES, HIGH_AMOUNT, LOW_AMOUNT, DEAL_AMOUNT,NAME, STATUS, CLOSED_REASON_ID, CUSTOMER_ID, USER_ID, SOURCE_ID, DEPARTMENT_ID)
  VALUES ('20','2012-12-15 00:00:00.0' ,'2012-12-15 00:00:00.0', '',false,  '时宝旭的销售线索', 1000, 500,0, '时宝旭的销售线索', 1, '1', '1', '1', '1', '4');


insert into ila_action(id,created_date, last_modified_date, action_type_id, leads_id, user_id, brief, customer_participants, detail, milestone, occur_date, self_participants)
  values (1,'2012-12-15 00:00:00.0' ,'2012-12-15 00:00:00.0','mail', '7', '1', '第一次客户拜访','张处长;李经理','开会了',true ,'2012-12-15 00:00:00.0','张三;李四');
insert into ila_action(id,created_date, last_modified_date, action_type_id, leads_id, user_id, brief, customer_participants, detail, milestone, occur_date, self_participants)
  values (2,'2012-12-15 00:00:00.0' ,'2012-12-15 00:00:00.0','mail', '7', '1', '第一次客户拜访','张处长;李经理','开会了',true ,'2012-12-15 00:00:00.0','张三;李四');
insert into ila_action(id,created_date, last_modified_date, action_type_id, leads_id, user_id, brief, customer_participants, detail, milestone, occur_date, self_participants)
  values (3,'2012-12-15 00:00:00.0' ,'2012-12-15 00:00:00.0','mail', '1', '1', '第一次客户拜访','张处长;李经理','开会了',true ,'2012-12-15 00:00:00.0','张三;李四');


insert into ila_market_action(id,created_date, last_modified_date, action_type_id, user_id, brief, detail, customer_id, event_date, important,department_id)
  values (1,'2012-12-15 00:00:00.0' ,'2012-12-15 00:00:00.0','mail', '2', '王浩的活动', '开了一天的会', '1', '2012-12-15 00:00:00.0',false,'8' );

insert into ila_market_action(id,created_date, last_modified_date, action_type_id, user_id, brief, detail, customer_id, event_date, important,department_id)
  values (2,'2012-12-14 00:00:00.0' ,'2012-12-15 00:00:00.0','mail', '3', '丁耸立的活动', '开了一天的会', '2', '2012-12-14 00:00:00.0',false,'12' );

insert into ila_market_action(id,created_date, last_modified_date, action_type_id, user_id, brief, detail, customer_id, event_date, important,department_id)
  values (3,'2012-12-15 00:00:00.0' ,'2012-12-15 00:00:00.0','mail', '4', '王树坤的活动', '开了一天的会', '2', '2012-12-15 00:00:00.0',false,'11' );

insert into ila_market_action(id,created_date, last_modified_date, action_type_id, user_id, brief, detail, customer_id, event_date, important,department_id)
  values (4,'2012-12-13 00:00:00.0' ,'2012-12-15 00:00:00.0','mail', '6', '杜聪的活动', '开了一天的会', '2', '2012-12-13 00:00:00.0',false,'10' );
insert into ila_market_action(id,created_date, last_modified_date, action_type_id, user_id, brief, detail, customer_id, event_date, important,department_id)
  values (5,'2012-12-11 00:00:00.0' ,'2012-12-15 00:00:00.0','mail', '7', '黄苑斌的活动', '开了一天的会', '2', '2012-12-16 00:00:00.0',false,'6' );
insert into ila_market_action(id,created_date, last_modified_date, action_type_id, user_id, brief, detail, customer_id, event_date, important,department_id)
  values (6,'2012-12-11 00:00:00.0' ,'2012-12-15 00:00:00.0','mail', '7', '黄苑斌的活动', '开了一天的会', '2', '2012-12-16 00:00:00.0',false,'6' );
insert into ila_market_action(id,created_date, last_modified_date, action_type_id, user_id, brief, detail, customer_id, event_date, important,department_id)
  values (7,'2012-12-11 00:00:00.0' ,'2012-12-15 00:00:00.0','mail', '7', '黄苑斌的活动', '开了一天的会', '2', '2012-12-16 00:00:00.0',false,'6' );
insert into ila_market_action(id,created_date, last_modified_date, action_type_id, user_id, brief, detail, customer_id, event_date, important,department_id)
  values (8,'2012-12-11 00:00:00.0' ,'2012-12-15 00:00:00.0','mail', '7', '黄苑斌的活动', '开了一天的会', '2', '2012-12-16 00:00:00.0',false,'6' );
insert into ila_market_action(id,created_date, last_modified_date, action_type_id, user_id, brief, detail, customer_id, event_date, important,department_id)
  values (9,'2012-12-11 00:00:00.0' ,'2012-12-15 00:00:00.0','mail', '7', '黄苑斌的活动', '开了一天的会', '2', '2012-12-16 00:00:00.0',false,'6' );
insert into ila_market_action(id,created_date, last_modified_date, action_type_id, user_id, brief, detail, customer_id, event_date, important,department_id)
  values (10,'2012-12-11 00:00:00.0' ,'2012-12-15 00:00:00.0','mail', '7', '黄苑斌的活动', '开了一天的会', '2', '2012-12-16 00:00:00.0',false,'6' );
insert into ila_market_action(id,created_date, last_modified_date, action_type_id, user_id, brief, detail, customer_id, event_date, important,department_id)
  values (11,'2012-12-11 00:00:00.0' ,'2012-12-15 00:00:00.0','mail', '7', '黄苑斌的活动', '开了一天的会', '2', '2012-12-16 00:00:00.0',false,'6' );
insert into ila_market_action(id,created_date, last_modified_date, action_type_id, user_id, brief, detail, customer_id, event_date, important,department_id)
  values (12,'2012-12-11 00:00:00.0' ,'2012-12-15 00:00:00.0','mail', '7', '黄苑斌的活动', '开了一天的会', '2', '2012-12-16 00:00:00.0',false,'6' );
insert into ila_market_action(id,created_date, last_modified_date, action_type_id, user_id, brief, detail, customer_id, event_date, important,department_id)
  values (13,'2012-12-11 00:00:00.0' ,'2012-12-15 00:00:00.0','mail', '7', '黄苑斌的活动', '开了一天的会', '2', '2012-12-16 00:00:00.0',false,'6' );
